店名,郵便番号,住所,電話番号,備考
サロン・ド・テ ロンド,106-0032,東京都港区六本木7-22-2 国立新美術館2F,0357708162,
進々堂 京大北門前,606-8224,京都府京都市左京区北白川追分町88,0757014121,
The Cream of the Crop Coffee(ザ クリーム オブ ザ クロップ コーヒー) 清澄白河ロースター,135-0021,東京都江東区白河4-5-4,0358098523,
CAFE MEURSAULT(ムルソー),111-0034,東京都台東区雷門2-1-5 中村ビル,0338438008,
但馬屋珈琲店本店,160-0023,東京都新宿区西新宿1-2-6,0333420881,
ピーターラビット(TM) ガーデンカフェ 自由が丘,152-0035,東京都目黒区自由が丘1-25-20 自由が丘MYU1F,0337254118,
ニューヨークラウンジ,453-0872,愛知県名古屋市中村区平池町4-60-7 ストリングスホテル名古屋,0525890787,
銀座 福禄寿,104-0061,東京都中央区銀座2-8-8,0355243377,
胡桃堂喫茶店,185-0012,東京都国分寺市本町2-17-3,0424010433,
MATCHA STAND MARUNI,104-0045,東京都中央区築地4-14-18 妙泉寺ビル1F,0362643835,
うつわとカフェ Lim.,153-0041,東京都目黒区駒場3-11-14 1F,0334698555,
スターバックスコーヒーよみうりランドグッジョバ!!店,206-0812,東京都稲城市矢野口4015-1 よみうりランド,0442998576,
PARADISE ALLEY BREAD & CO (パラダイス アレイ ブレッドカンパニー),248-0006,神奈川県鎌倉市小町1-13-10 (鎌倉中央食品市場レンバイ内),0467847203,
TOOTH TOOTH FISH IN THE FOREST (トゥース トゥース フィッシュ イン ザ フォレスト ),650-0042,兵庫県神戸市中央区波止場町2-8,0783341820,
foru cafe(フォル カフェ) 本店,169-0051,東京都新宿区西早稲田2-4-26 1F,0362338739,
マールブランシュ ジェイアール京都伊勢丹 3F(ロマンの森カフェ),600-8216,京都府京都市下京区烏丸通塩小路下ル東塩小路町 ジェイアール京都伊勢丹3F,0753521111,
ONIJUS COFFEE VILLAGE(オニジャス コーヒー ヴィレッジ),584-0005,大阪府富田林市喜志町5-10-8,0721238118,
茜屋珈琲店 旧道店,389-0102,長野県北佐久郡軽井沢町大字軽井沢666,0267424367,
雪印パーラー 本店,060-0002,北海道札幌市中央区北2条西3-1-31 太陽生命札幌ビル1F,0112517530,
悟空茶荘,231-0023,神奈川県横浜市中区山下町130,0456817776,
ミルク&パフェ よつ葉ホワイトコージ 札幌ステラプレイス店,060-0005,北海道札幌市中央区北5条西3 札幌ステラプレイスセンター B1F,0112095577,
京都モダンテラス,606-8342,京都府京都市左京区岡崎最勝寺町13 ロ-ムシアタ-京都 パ-クプラザ2F,0757540234,
C&C BREAKFAST OKINAWA(シーアンドシー ブレックファスト オキナワ),900-0014,沖縄県那覇市松尾2-9-6 タカミネビル1F,0989279295,URL:https://www.ccbokinawa.com
Cafe Bibliotic Hello!(カフェ ビブリオティック ハロー),604-0951,京都府京都市中京区二条通柳馬場東入ル晴明町650,0752318625,
Le Petitmec IMADEGAWA(ル プチメック イマデガワ),602-8448,京都府京都市上京区元北小路町159,0754321444,
北野坂にしむら珈琲店,650-0003,兵庫県神戸市中央区山本通2-1-20,0782422467,
鼎雲茶倉,231-0023,神奈川県横浜市中区山下町146,0452275385,
水信フルーツパーラーラボ,231-0062,神奈川県横浜市中区桜木町1-1-7 Colette-Mare 2F,0452289297,※当店ではモバイルオーダーを導入しております。土・日・祝日はお一人様一品以上、フードメニューのご注文をいただくようお願い申し上げます。(ワンフードオーダー制)
おいもカフェ金糸雀,248-0006,神奈川県鎌倉市小町2-10-10 小町TIビル1F,0467224908,
ブンブン紅茶店,248-0017,神奈川県鎌倉市佐助1-13-4,0467252866,※ベビーカーでの入店不可
スターバックスコーヒー 富士川サービスエリア(下り線)店,421-3305,静岡県富士市岩淵1348-3東名高速道路富士川サービスエリア(下り線),0545562277,
スターバックスコーヒー 神戸メリケンパーク店,650-0042,兵庫県神戸市中央区波止場町2-4,0783350557,
道後の町屋,790-0842,愛媛県松山市道後湯之町14-26,0899868886,
スターバックスコーヒー 目黒セントラルスクエア店,141-0021,東京都品川区上大崎3-1-1,0354477107,
CAFE LA RUCHE GALLERY&SHOP(カフェ ラ リューシュ ギャラリーアンドショップ),879-5102,大分県由布市湯布院町川上岳本1592-1,0977288500,
LE MUSEE DE H KANAZAWA(ル ミュゼ ドゥ アッシュ カナザワ),920-0963,石川県金沢市出羽町2-1 石川県立美術館内,0762046100,
Pacific BAKERY,248-0025,神奈川県鎌倉市七里ガ浜東3丁目1-6,0467403332,
fu+cafe(フゥ カフェ),920-0961,石川県金沢市香林坊1-1-1 大和香林坊店 5F,0762201452,
喫茶去 かつて,506-0846,岐阜県高山市上三之町92,0577341511,
カフェラ 大丸神戸店,650-0037,兵庫県神戸市中央区明石町40大丸神戸店1F,0783927227,
ブルーボトルコーヒー 渋谷カフェ,150-0041,東京都渋谷区神南1-7-3 渋谷区立北谷公園内,,
原宿乃豆柴カフェ,150-0001,東京都渋谷区神宮前1-6-10 3F,,
ブリュワーズ コーヒー&バー,107-0052,東京都港区赤坂1-12-33 ANAインターコンチネンタルホテル東京3F,0335051185,
NOA CAFE (ノアカフェ) 銀座店,104-0061,東京都中央区銀座5-8-5 ニューギンザビル10号館B1,0335748324,
城崎ジェラートカフェChaya,669-6101,兵庫県豊岡市城崎町湯島857,0796294858,
コナズ珈琲足立店,121-0064,東京都足立区保木間3丁目31,0358311030,
スイーツパラダイス 新宿店,160-0022,東京都新宿区新宿3-26-6 新宿FFビルB1F,0359258876,
TABLES CAFE タブレスカフェ,542-0085,大阪府大阪市中央区心斎橋筋2-5-15 クロスホテル大阪1F,0662142001,
桜丘カフェ,150-0031,東京都渋谷区桜丘町23-3 篠田ビル1F,0357283242,
Ginger&Star cafe ジンジャー&スターカフェ,170-0013,東京都豊島区東池袋2-57-2,05014242881,
浅草豆花大王,111-0032,東京都台東区浅草4-43-4,0358494580,
Banks cafe&dining渋谷,150-0002,東京都渋谷区渋谷3-26-17 Duplex 1F,0364271175,
いちごや cafe TANNAL,819-1301,福岡県糸島市志摩吉田1640-2,0923382949,
幸せのパンケーキ吉祥寺,180-0004,東京都武蔵野市吉祥寺本町1-8-5 レンガ館モール301,0422212222,
JAIME,107-0052,東京都港区赤坂6丁目16-4,0364355683,
宇治園 裏参道ガーデン店,150-0001,東京都渋谷区神宮前4-15-2 1F 壱番,,
Sulbingcafe,169-0073,東京都新宿区百人町2-3-20 ビション新大久保駅前 1・2F,0362055440,
Kew,616-8017,京都府京都市右京区龍安寺五反田町15,0754060763,
スターバックス コーヒー 虎ノ門アルセアタワー店,105-0001,東京都港区虎ノ門2-2-3虎ノ門アルセアタワー 1階,0355449346,
らくごカフェ,101-0051,東京都千代田区神田神保町2-3 神田古書センター 5F,0362689818,
LATTEGRAPHIC自由が丘店,152-0035,東京都目黒区自由が丘1丁目8-18,0364212242,
1988 CAFE SHOZO(カフェ ショウゾウ),325-0045,栃木県那須塩原市高砂町6-6,0287639833,
コクリコ・クレープ店,248-0005,神奈川県鎌倉市雪ノ下1丁目6-4,0467227286,
トルクーヘン,536-0014,大阪府大阪市城東区鴫野西1-14-4,0671720443,
SLOPE(スロープ),167-0023,東京都杉並区上井草2-35-2,07064606626,
鹿児島県歴史・美術センター黎明館,892-0853,鹿児島県鹿児島市城山町7-2,0992225100,
執事喫茶 Swallowtail(スワロウテイル),170-0013,東京都豊島区東池袋3-12-12 正和ビルB1F,,予約はメールのみ
スターバックスコーヒー JR東海 品川駅店,108-0075,東京都港区港南2-1-78JRCP品川営業所,0357153235,
COBI COFFEE AOYAMA(コビ コーヒー アオヤマ),107-0062,東京都港区南青山5-10-5 第一九曜ビル 101,0364273976,
キノーズ・マンハッタン・ニューヨーク,112-0002,東京都文京区小石川4-21-2,0362315527,
保護猫カフェNECO REPUBLIC(ネコ リパブリック) 東京お茶の水店,113-0034,東京都文京区湯島3-1-9 CRANEビル 4F,0358268920,
CAFE KESHiPEPEARL(カフェ ケシパール),651-0087,兵庫県神戸市中央区御幸通6-1-25 もものき三宮ビル2F北,0782031396,
1er ETAGE(プルミエ エタージュ),604-8066,京都府京都市中京区御幸町通六角下る伊勢屋町342,05011149498,
PADDLERS COFFEE(パドラーズコーヒー),151-0066,東京都渋谷区西原2-26-5,,
CAFE&BAKERY MIYABI(カフェ アンド ベーカリー ミヤビ) 神保町店,101-0065,東京都千代田区西神田2-1-13,0352126286,
宇治紅茶館 ICHIMATSU COOKIE(イチマツ クッキー),611-0021,京都府宇治市宇治妙楽46-2,0774253711,
カヌレ,604-0911,京都府京都市中京区河原町二条上ル清水町362 JOYビル 5F,0757562041,
月光,110-0003,東京都台東区根岸3-7-18エルアルカサル鶯谷1F,0358494569,
春水堂(チュンスイタン) グランフロント大阪店,530-0011,大阪府大阪市北区大深町4-1 グランフロント大阪うめきた広場内,0661318520,
YUGEN(ユウゲン),604-0865,京都府京都市中京区亀屋町146,0757087770,
すすむ屋茶店 東京自由が丘,152-0035,東京都目黒区自由が丘1-25-5,0362414142,
MATSUNOSUKE(マツノスケ) NY,150-0033,東京都渋谷区猿楽町29-9 ヒルサイドテラスD-11 松之助N.Y.内,0357283868,
紅茶専門店TEAPOND(ティーポンド) 清澄白河店,135-0021,東京都江東区白河1-1-11,0336423337,
&sandwich.(アンドサンドイッチ),160-0022,東京都新宿区新宿1-5-7 スキラ御苑1F,0367099455,
Tinys Yokohama Hinodecho(タイニー ヨコハマ ヒノデチョウ),231-0066,神奈川県横浜市中区日ノ出町2-166,05058816598,
Dear All(ディアオール),151-0073,東京都渋谷区笹塚1-59-5,,
MARUFUJI CAFE(マルフジ カフェ)天王寺北口店,543-0055,大阪府大阪大阪市天王寺区悲田院町8-11,0667730822,
BORTON(ボートン)菓子店,186-0005,東京都国立市西2-9-74,,
cafe&wine Mamma Mia LABORATORY(カフェアンドワイン マンマミーア ラボラトリー) なんてこった研究所,460-0008,愛知県名古屋市中区栄3-14-30,,
ブルーボトルコーヒー 三軒茶屋カフェ,154-0024,東京都世田谷区三軒茶屋1-33-18,,
うのまち珈琲店 奈良店,634-0812,奈良県橿原市今井町4-3-6,0744416645,
みっふぃー桜きっちん,616-8384,京都府京都市右京区嵯峨天龍寺造路町20-27,0758632022,[桜きっちん]075-863-2022[桜べーかりー]075-496-4244
イニシャル,060-0063,北海道札幌市中央区南3条西5-36-1 F.DRESS五番街ビル 2F,0112110490,
L'atelier a ma facon(ラトリエ ア マ ファソン),158-0093,東京都世田谷区上野毛1-26-14,,
東京和茶房,153-0041,東京都目黒区駒場4-6-2 Y-5 YAMAGATAYA 1F,0364070622,
FUGLEN ASAKUSA(フグレン アサクサ),111-0032,東京都台東区浅草2-6-15,0358111756,
tubara cafe(ツバラ カフェ),602-8434,京都府京都市上京区西船橋町340-1,0754110118,
Chou de ruban(シュー ドゥ リュバン),153-0051,東京都目黒区上目黒2-43-6 LINKY1-1F,0368861167,
オイモカフェ善福寺,167-0041,東京都杉並区善福寺2-24-8,0364547272,
ニューラフレア,650-0037,兵庫県神戸市中央区明石町18-2 大協ビル,0783330808,
漬×麹 Haccomachi(ハッコマチ),604-8121,京都府京都市中京区三条通柳馬場下ル桝屋町78-1,0752568883,
OPEN NAKAMEGURO(オープン 中目黒),153-0051,東京都目黒区上目黒2-9-17,05017051841,
ロンハーマン カフェ 玉川高島屋S・C店,158-0094,東京都世田谷区玉川4-1-25 玉川高島屋S・C内アイビーズプレイス3F,0367572068,
RALPH'S COFFEE TOKYO SHIBUYA(ラルフズ コーヒー トウキョー シブヤ),150-0001,東京都渋谷区神宮前4-25-15,0364385803,
Re:s cafebar&sweets リスカフェ,169-0072,東京都新宿区大久保3-9-5 都営西大久保アパート5号棟,0364576515,
breadworks(ブレッドワークス) 天王洲,140-0002,東京都品川区東品川2-1-6,0354793666,
青木松風庵 月化粧ファクトリー,599-0203,大阪府阪南市黒田453-15,0724702525,
J-COOK(ジェイクック),150-0001,東京都渋谷区神宮前3-36-26,0334020657,
タリーズコーヒー 日比谷フォートタワー店,105-0003,東京都港区 西新橋1丁目1番1号,0335003443,
sahan(サハン),248-0012,神奈川県鎌倉市御成町13-38 萩原ビル 2F,0467246182,
PRONTO 千葉そごう前店,260-0028,千葉県千葉市中央区新町1000 千葉そごう京成千葉駅構内,0432457713,クレジットカード交通系電子マネープロントマネー楽天ポイントdポイントiD楽天EdyQUICPayPayPayau PAYd払い楽天ペイメルペイAlipayWeChat Pay
ソビノワ,550-0003,大阪府大阪市西区京町堀1-17-7 1F,09093397538,
adito(アヂト),154-0012,東京都世田谷区駒沢5-16-1,0337038181,
BEAR POND ESPRESSO(ベアー ポンド エスプレッソ),155-0031,東京都世田谷区北沢2-36-12,0354542486,
カフェ レ ジュ グルニエ,107-0062,東京都港区南青山5-9-5,0334996297,
TIES(タイズ),113-0034,東京都文京区湯島4-1-13,0338180393,
愛犬の駅,413-0232,静岡県伊東市八幡野1135-1,0120759015,
TORAYA GINZA,104-0061,東京都中央区銀座7-8-17 虎屋銀座ビル4階,0362645200,
ufotable cafe Tokyo(ユーフォーテーブルカフェ東京),165-0027,東京都中野区野方1-38-11 永田ビル1F,0333880335,
千疋屋総本店 日本橋本店フルーツパーラー&レストラン,103-0022,東京都中央区日本橋室町2-1-2  日本橋三井タワー2階,0332411630,
スターバックスコーヒー 淡路サービスエリア(下り線)店,656-2401,兵庫県淡路市岩屋2568淡路サービスエリア(下り線),0799732051,
スターバックスコーヒー 二子玉川 蔦屋家電店,158-0094,東京都世田谷区玉川1-14-1二子玉川ライズS.C.テラスマーケット,0354918544,
まめカフェ,278-0037,千葉県野田市野田110 キッコーマン食品野田工場ものしりしょうゆ館,0471235136,
PERLS,545-0052,大阪府大阪市阿倍野区阿倍野筋1-3-21 岸本ビル1F,0666244549,
モンマスティー 千駄ヶ谷店,151-0051,東京都渋谷区千駄ヶ谷1-21-2,0334782357,
ミュージアムカフェ,799-1607,愛媛県今治市朝倉上甲2930 タオル美術館ICHIHIRO内,0898561515,
カプコンカフェ 池袋店,170-0013,東京都豊島区東池袋1-30-3 キュープラザ池袋3F,0359049106,
スターバックス コーヒー 上野恩賜公園店,110-0007,東京都台東区上野公園8-22,0358341630,
スターバックス コーヒー 中目黒 蔦屋書店,153-0051,東京都目黒区上目黒1-22-10,0363034095,
スターバックス コーヒー 六本木 蔦屋書店,106-0032,東京都港区六本木6-11-1ゲートタワー,0354112667,
HORIGUCHI COFFEE 世田谷店,156-0055,東京都世田谷区船橋1-12-15,0354774142,
純喫茶 翡翠,603-8165,京都府京都市北区紫野西御所田町41-2,0754911021,
天然酵母パン トゥルナージュ 神宮前店,150-0001,東京都渋谷区神宮前2-15-15,0354741083,
miel mie honey cafe,604-8083,京都府京都市中京区三条通富小路西入中之町21,0752216639,
Bonjourmojo2,113-0031,東京都文京区根津2-33-2 七弥ハウス101,0358348278,
WORLD NEIGHBORS CAFE 清澄白河,135-0023,東京都江東区平野4-13-1,0364588853,
MIYAKODA駅cafe,431-2102,静岡県浜松市浜名区都田町5563-21,0534288088,
タリーズコーヒー 住友不動産虎ノ門タワー店,105-0001,東京都港区 虎ノ門2-2-1 住友不動産虎ノ門タワー1F,0335601221,
カトレア,135-0004,東京都江東区森下1-6-11,0336351464,
buik,107-0062,東京都港区南青山4-26-12 1F,0368050227,
喫茶ニワトリ,901-2134,沖縄県浦添市港川2-16-1,0988776189,
NO COFFEE,810-0014,福岡県福岡市中央区平尾3-17-12,0927914515,
島cafeとぅんからや,906-0202,沖縄県宮古島市上野字新里1214,0980762674,
CHOP COFFEE OMOTESANDO,150-0001,東京都渋谷区神宮前5-44-12,0364275335,
パン デ フィロゾフ,162-0813,東京都新宿区東五軒町1-8,0368745808,
meals,151-0063,東京都渋谷区富ヶ谷1-17-5,0354651772,
LOG,722-0033,広島県尾道市東土堂町11-12,0848246669,
MUJI HOTEL GINZA ベーカリー,104-0061,東京都中央区銀座3-3-5 1F,0335386101,
喫茶 ニカイ,110-0001,東京都台東区谷中6-3-8 2F,0358342922,
板橋 ライブ&カフェ ファイト!,173-0004,東京都板橋区板橋1-22-7,09012011449,
